{"cameraMode":{"drawMode":0,"name":"Shaded","section":"Shading Mode"},"sceneLighting":true,"audioPlay":false,"sceneViewState":{"m_AlwaysRefresh":false,"showFog":true,"showSkybox":true,"showFlares":true,"showImageEffects":true,"showParticleSystems":true,"showVisualEffectGraphs":true,"m_FxEnabled":true},"in2DMode":false,"pivot":{"x":-0.47445249557495119,"y":12.163761138916016,"z":44.2006721496582},"rotation":{"x":0.18889625370502473,"y":-0.19102869927883149,"z":0.03625873103737831,"w":0.9627991914749146},"size":10.269918441772461,"orthographic":true}