{"cameraMode":{"drawMode":0,"name":"Shaded","section":"Shading Mode"},"sceneLighting":true,"audioPlay":false,"sceneViewState":{"showFog":true,"showMaterialUpdate":false,"showSkybox":true,"showFlares":true,"showImageEffects":true,"showParticleSystems":true},"in2DMode":false,"pivot":{"x":-4.540414810180664,"y":-1.3908841609954835,"z":4.1863861083984379},"rotation":{"x":-0.12461677193641663,"y":0.4908798933029175,"z":-0.0711660087108612,"w":-0.8593441247940064},"size":5.418243408203125,"orthographic":false}